Rank,Name,Points,Game Time,Kills,Deaths,Kpd,Hs,Country
1,PencilRocket,"69,337",4d 07:12h,369,242,1.52,203,Japan
2,Guei,"50,534",2d 02:26h,23,18,1.28,14,"Taiwan, Province of China"
3,db1138,"24,192",2d 01:09h,265,315,0.84,161,Viet Nam
4,dosan0903,"9,664",0d 21:38h,51,76,0.67,23,"Taiwan, Province of China"
5,ó €¡,"9,508",0d 18:58h,132,63,2.10,86,"Korea, Republic of"
6,ç¥å¨Ú´R åšç‚¹æ­£äº‹å§å·´å·´æ‰˜æ–¯,"7,447",0d 11:31h,250,71,3.52,148,"Taiwan, Province of China"
7,é§­å®¢â„¢ â‹‹|=ç´…ç‡ˆç›´ç›´è¡=|â‹Œ,"6,268",0d 11:27h,89,150,0.59,48,"Taiwan, Province of China"
8,ç™½èœé¸¡,"6,178",0d 07:46h,15,14,1.07,5,China
9,tankliu543,"6,071",0d 12:53h,24,81,0.30,9,"Taiwan, Province of China"
10,Aedan,"5,071",0d 17:57h,82,55,1.49,42,Australia
11,å¢¨ç‘,"3,934",0d 12:22h,27,67,0.40,14,China
12,à¹–ZÅœI | Qaz,"3,792",0d 05:47h,126,108,1.17,53,Malaysia
13,ä½ å¥½ æºå‹ä¼š K â™¥,"3,173",0d 03:51h,60,42,1.43,40,"Taiwan, Province of China"
14,Bun Pháº¡m,"3,091",0d 04:26h,7,10,0.70,2,Viet Nam
15,xqz,"2,987",0d 03:33h,50,51,0.98,24,Philippines
16,Å˜UFÌŒ | kaye,"2,957",1d 16:00h,227,378,0.60,132,"Taiwan, Province of China"
17,Touma Kazusa,"2,891",0d 03:36h,1,3,0.33,1,"Taiwan, Province of China"
18,é¹¹è¦å”-è¦ä¸æ˜¯æˆ‘æ²’æª¢æŸ¥,"2,542",0d 09:39h,92,10,9.20,70,"Taiwan, Province of China"
19,LMIB,"2,373",0d 01:48h,126,65,1.94,62,Singapore
20,labulabu208,"2,315",0d 02:58h,2,8,0.25,1,"Taiwan, Province of China"
21,BABUNTERANG,"2,292",0d 02:33h,11,8,1.38,5,Malaysia
22,à¹–Û£ÛœBOTâ„¢,"2,117",0d 02:34h,32,26,1.23,12,Seychelles
23,ä¸€åˆ‡ç»çµ¦ï¼Œç¥ç€ç‹,"2,057",0d 01:26h,9,0,9.00,9,"Taiwan, Province of China"
24,X?,"1,911",0d 01:38h,0,0,0.00,0,Philippines
25,å›½äº§007,"1,904",0d 01:21h,80,55,1.45,21,China
26,killeræ®ºæ‰‹,"1,871",0d 01:23h,4,8,0.50,1,"Taiwan, Province of China"
27,æ‹œæ‰˜äº†ï¼Œå†å¸®æˆ‘æ‹–å»¶10ç§€,"1,820",0d 01:21h,0,0,0.00,0,China
28,AKaRi,"1,784",0d 02:28h,13,12,1.08,3,"Taiwan, Province of China"
29,nÎ¿Î¿b Dark silent,"1,774",0d 01:25h,17,8,2.13,11,Indonesia
30,å°è¦ç±³,"1,731",0d 01:19h,0,0,0.00,0,"Taiwan, Province of China"
31,Eastlight,"1,730",0d 01:53h,9,4,2.25,4,"Taiwan, Province of China"
32,dev1ce,"1,706",0d 01:10h,25,31,0.81,17,Malaysia
33,H@ns,"1,682",0d 02:10h,12,18,0.67,3,Indonesia
34,OliverQueen,"1,676",0d 01:36h,3,6,0.50,1,Philippines
35,é›ªå…°Yuki,"1,663",0d 01:22h,27,10,2.70,6,China
36,Jacky21,"1,652",0d 01:13h,5,10,0.50,4,Indonesia
37,dashung,"1,644",0d 01:40h,0,2,0.00,0,"Taiwan, Province of China"
38,:)XD,"1,638",0d 00:42h,15,5,3.00,6,China
39,adyjayaputro,"1,632",0d 00:29h,2,2,1.00,0,Indonesia
40,æ„‰æ‚…,"1,622",0d 00:57h,18,3,6.00,12,"Taiwan, Province of China"
41,valleyofdreams,"1,549",0d 01:34h,0,0,0.00,0,China
42,âœªã„ã„ Ha,"1,533",0d 01:14h,24,4,6.00,17,"Taiwan, Province of China"
43,Counter ç§¦å§‹çš‡,"1,530",0d 01:44h,7,10,0.70,3,China
44,TNock,"1,519",0d 01:14h,4,3,1.33,4,Viet Nam
45,Serdiukov001,"1,515",0d 00:54h,33,20,1.65,20,China
46,Johann.Sebastian.Bach,"1,509",0d 08:08h,7,20,0.35,1,"Taiwan, Province of China"
47,linGmi,"1,509",0d 00:59h,0,0,0.00,0,China
48,[NoBot],"1,471",0d 01:44h,6,22,0.27,3,Australia
49,LiTTLe_GLuE,"1,466",0d 01:13h,0,3,0.00,0,Malaysia
50,é¬¼å½»,"1,460",0d 00:58h,1,2,0.50,0,China
51,vegan,"1,438",0d 00:22h,24,9,2.67,17,Romania
52,ç¼ºéšŠå‹,"1,427",0d 01:11h,2,4,0.50,0,"Taiwan, Province of China"
53,RazoR,"1,406",0d 01:04h,8,13,0.62,4,Philippines
54,I's Mitanic Akumaï¼šKoGaSenã€R,"1,394",0d 01:23h,18,6,3.00,2,"Taiwan, Province of China"
55,ç¥å¨Ú´R åˆºèŸ,"1,375",0d 00:34h,10,1,10.00,7,"Taiwan, Province of China"
56,æ— é¢œç¥–,"1,365",0d 01:28h,0,7,0.00,0,China
57,Corn,"1,336",0d 01:12h,0,0,0.00,0,Indonesia
58,glubtupus wepple,"1,335",0d 00:33h,0,0,0.00,0,Philippines
59,OldDriverä½¬æ’•é›,"1,334",0d 00:37h,0,0,0.00,0,China
60,2954107536,"1,325",0d 00:52h,3,3,1.00,0,China
61,ç—›è‹¦è¾¾æ‘©,"1,322",0d 00:33h,1,0,1.00,0,China
62,TimbrhÇ«ggvandi,"1,310",0d 00:29h,0,0,0.00,0,Japan
63,ä¸€ä¸ªå°å°çš„çœ‹å®¢,"1,306",0d 00:59h,10,23,0.43,4,China
64,â˜†N.O.E.Lâ˜†,"1,304",0d 00:50h,24,39,0.62,13,Macao
65,Harusame,"1,301",0d 00:37h,0,0,0.00,0,Thailand
66,docydocs69,"1,296",0d 00:14h,18,10,1.80,14,Philippines
67,PLAYYYYYYYYYYY+â„¢â™”,"1,284",0d 00:26h,3,1,3.00,2,"Taiwan, Province of China"
68,Blitzkrieg,"1,281",0d 00:28h,0,0,0.00,0,Australia
69,ç–å“²,"1,277",0d 00:33h,0,0,0.00,0,"Taiwan, Province of China"
70,python,"1,274",0d 00:38h,0,0,0.00,0,Philippines
71,tairitsu,"1,267",0d 00:37h,20,10,2.00,8,China
72,å¹»å½±æªç¥,"1,266",0d 00:47h,11,13,0.85,8,China
73,KoGaSenRx,"1,261",0d 00:43h,0,0,0.00,0,"Taiwan, Province of China"
74,Yaunoya,"1,257",0d 00:42h,3,6,0.50,1,China
75,Professor8000,"1,257",0d 01:11h,0,3,0.00,0,United States
76,MarkSmile,"1,246",0d 00:36h,0,0,0.00,0,Malaysia
77,NIICE,"1,235",0d 00:16h,11,10,1.10,4,Malaysia
78,É˜Æáš±á´€9É˜È¡,"1,233",0d 00:34h,0,0,0.00,0,Singapore
79,ç¼½ç¼½é›,"1,231",0d 00:32h,0,1,0.00,0,"Taiwan, Province of China"
80,sea,"1,230",0d 00:29h,18,6,3.00,9,China
81,TiGeR mAN,"1,229",0d 00:15h,6,1,6.00,5,"Taiwan, Province of China"
82,tep,"1,228",0d 00:42h,19,48,0.40,5,Philippines
83,xx695691,"1,215",0d 00:36h,0,0,0.00,0,"Taiwan, Province of China"
84,little,"1,212",0d 01:38h,2,2,1.00,2,"Taiwan, Province of China"
85,DrHumanz,"1,211",0d 00:28h,0,0,0.00,0,Philippines
86,å¢¨æŸ“é”¦å¹´,"1,205",0d 00:19h,0,0,0.00,0,China
87,ConChim,"1,203",0d 00:21h,6,0,6.00,3,Singapore
88,amdg8887,"1,203",0d 00:29h,0,0,0.00,0,Philippines
89,ç„¡ç¥ç”±å¸Œ,"1,200",0d 00:13h,10,5,2.00,6,"Taiwan, Province of China"
90,The Man in the desert,"1,194",0d 00:33h,3,6,0.50,3,Australia
91,å¥¶å…¬æ–¤å…©å­æœ‰å¥¶è‰²ç²‰é ­,"1,193",0d 00:16h,0,0,0.00,0,"Taiwan, Province of China"
92,Idle-Empire Whxzzy!,"1,191",0d 00:36h,26,16,1.63,12,Malaysia
93,cliff,"1,190",0d 00:27h,0,0,0.00,0,"Taiwan, Province of China"
94,L trash,"1,186",0d 00:24h,29,12,2.42,7,Philippines
95,flowingwhitehairmatchstickman,"1,185",0d 00:20h,0,5,0.00,0,China
96,èª¿çš®å…©å…„å¼Ÿ,"1,183",0d 00:24h,0,0,0.00,0,"Taiwan, Province of China"
97,mingzurah,"1,183",0d 00:20h,0,0,0.00,0,Singapore
98,â˜…Dxä¸­éšŠâ˜… ç©å®¶ä¸Ÿå‡ºé¦™è•‰çš®,"1,177",0d 00:23h,6,5,1.20,3,"Taiwan, Province of China"
99,supmilk,"1,177",0d 00:23h,0,0,0.00,0,Thailand
100,phantomå¹»å½±,"1,168",0d 00:08h,10,8,1.25,6,Malaysia
101,Unlimited,"1,162",0d 00:13h,11,5,2.20,3,Singapore
102,Noskinn0,"1,162",0d 00:24h,2,1,2.00,0,Philippines
103,ç›¸è‰¯å®—ä»‹,"1,160",0d 00:38h,6,19,0.32,1,"Taiwan, Province of China"
104,CodeMDFK,"1,158",0d 00:16h,1,2,0.50,1,"Taiwan, Province of China"
105,crossç‚’èœ,"1,158",0d 00:06h,0,0,0.00,0,China
106,K3V1NOGC,"1,157",0d 00:55h,8,31,0.26,3,"Taiwan, Province of China"
107,BOBO,"1,157",0d 00:47h,0,0,0.00,0,"Taiwan, Province of China"
108,yezi,"1,155",0d 00:33h,0,0,0.00,0,China
109,Â«Â§anctumKillaÂ»,"1,152",0d 00:23h,0,0,0.00,0,Australia
110,é—°åœŸ,"1,150",0d 00:17h,0,0,0.00,0,China
111,Ha,"1,148",0d 00:47h,18,20,0.90,10,China
112,æ­¸æŠ•æ˜ å¹«å¹«,"1,145",0d 00:23h,0,5,0.00,0,"Taiwan, Province of China"
113,Scary Curtains,"1,144",0d 00:17h,0,0,0.00,0,Australia
114,B Lin,"1,141",0d 00:13h,0,0,0.00,0,Hong Kong
115,ÄÆ°á»ng Tam CS.PRO,"1,141",0d 00:12h,0,0,0.00,0,Viet Nam
116,ReemYBoi,"1,140",0d 00:06h,10,4,2.50,6,Australia
117,ç¼˜å‘,"1,135",0d 00:28h,5,21,0.24,2,China
118,ä¸·â‘¨ä¸·,"1,135",0d 00:17h,0,0,0.00,0,China
119,åŒ—æ¸¯å…­å°ºå…­,"1,135",0d 00:38h,0,3,0.00,0,"Taiwan, Province of China"
120,ä¼Ÿå›,"1,134",0d 00:49h,22,28,0.79,10,China
121,Skadoodle,"1,133",0d 00:17h,3,0,3.00,1,"Taiwan, Province of China"
122,songminchan,"1,132",0d 00:19h,1,9,0.11,1,"Korea, Republic of"
123,å¸Œæ–‡ä¹Killer,"1,131",0d 00:12h,9,4,2.25,5,China
124,mekoruma,"1,129",0d 00:15h,0,0,0.00,0,Philippines
125,Kazuma Kiryu,"1,128",0d 00:12h,11,2,5.50,6,Philippines
126,æ€æˆ‘åˆ«ç”¨æ„Ÿæƒ…åˆ€,"1,128",0d 00:09h,4,1,4.00,3,China
127,äº¬ç”°å®¤å…§è£ä¿®è¨­è¨ˆ,"1,126",0d 00:22h,0,0,0.00,0,"Taiwan, Province of China"
128,Customer,"1,123",0d 00:30h,0,0,0.00,0,Hong Kong
129,Purple People Eater,"1,121",0d 00:13h,1,0,1.00,1,Australia
130,HuntNoob,"1,120",0d 00:18h,0,0,0.00,0,"Korea, Republic of"
131,æŸšå­å¨çœŸæ¶å¿ƒï¼ŒCiallo,"1,119",0d 00:12h,0,0,0.00,0,China
132,ä¸€å€‹çœŸæ­£çš„Man,"1,119",0d 00:31h,0,0,0.00,0,"Taiwan, Province of China"
133,Phantasm,"1,117",0d 00:31h,7,2,3.50,5,"Taiwan, Province of China"
134,water700318,"1,117",0d 00:26h,0,0,0.00,0,"Taiwan, Province of China"
135,ç³ç³,"1,114",0d 00:05h,7,2,3.50,7,"Taiwan, Province of China"
136,dete404,"1,113",0d 00:34h,10,24,0.42,7,China
137,SpeProX,"1,109",0d 00:08h,7,7,1.00,5,Philippines
138,fpemxotn,"1,109",0d 00:20h,0,2,0.00,0,"Korea, Republic of"
139,nika,"1,108",0d 00:11h,0,0,0.00,0,Malaysia
140,Ryd3r92,"1,108",0d 00:07h,0,0,0.00,0,Australia
141,â˜ºwl,"1,108",0d 00:11h,0,0,0.00,0,Singapore
142,YunHa1S,"1,106",0d 00:22h,18,20,0.90,0,China
143,Smith,"1,100",0d 00:07h,5,2,2.50,2,Macao
144,L36,"1,099",0d 00:08h,0,0,0.00,0,China
145,R3HaBABA,"1,097",0d 00:41h,15,17,0.88,7,China
146,T1nyZen,"1,095",0d 00:07h,4,7,0.57,3,Philippines
147,lordwinramirez1,"1,091",0d 00:11h,2,1,2.00,1,Philippines
148,BÃ¹i Máº¡nh VÅ©,"1,091",0d 00:09h,7,7,1.00,4,Viet Nam
149,Mrck,"1,091",0d 00:13h,0,0,0.00,0,China
150,Nigeru (Lj),"1,090",0d 00:10h,1,4,0.25,1,Philippines
151,2.5æ¢æ‚Ÿ,"1,090",0d 00:07h,0,0,0.00,0,"Taiwan, Province of China"
152,Symphony,"1,089",0d 00:08h,2,6,0.33,1,"Taiwan, Province of China"
153,Grand,"1,088",0d 00:16h,0,0,0.00,0,"Taiwan, Province of China"
154,åè¯­,"1,087",0d 00:09h,7,0,7.00,5,"Taiwan, Province of China"
155,Gand0ver,"1,087",0d 00:10h,3,2,1.50,2,New Zealand
156,Fanmo,"1,087",0d 00:11h,0,0,0.00,0,"Taiwan, Province of China"
157,"SFC æ¥ŠéYang Guo""Delta Force""","1,086",0d 00:34h,1,3,0.33,0,Malaysia
158,TV-çºª,"1,085",0d 00:10h,7,8,0.88,1,China
159,å¤§ç†Šæ¯”è¼ƒæ‡¶,"1,085",0d 00:11h,0,0,0.00,0,"Taiwan, Province of China"
160,RCA,"1,082",0d 00:17h,0,0,0.00,0,Australia
161,çµäººâ„¢ å¡µå¤¢,"1,081",0d 00:24h,0,0,0.00,0,"Taiwan, Province of China"
162,åšäººå¥½éš¾ç˜¦,"1,080",0d 00:09h,7,2,3.50,1,China
163,Dr.Ray,"1,079",0d 00:15h,0,3,0.00,0,India
164,neng wu,"1,077",0d 00:24h,9,15,0.60,3,China
165,Ooooooooooo,"1,076",0d 00:07h,0,0,0.00,0,China
166,chenp1wu,"1,075",0d 00:23h,13,7,1.86,7,China
167,JuanFuego,"1,075",0d 00:16h,5,10,0.50,3,Viet Nam
168,å¤æ±Ÿ,"1,075",0d 00:08h,0,0,0.00,0,China
169,hikaruichigo82,"1,075",0d 00:16h,0,0,0.00,0,United States
170,è½»è¯­è¨€ä½ ,"1,072",0d 00:06h,3,5,0.60,0,China
171,passQmq,"1,072",0d 00:09h,0,0,0.00,0,China
172,Unconquerable:9,"1,072",0d 00:05h,0,0,0.00,0,"Korea, Republic of"
173,å…±äº«å·,"1,071",0d 00:12h,1,2,0.50,1,China
174,Coceg_Ha_CTyJle,"1,070",0d 00:07h,0,0,0.00,0,Russian Federation
175,E Nang Nok ToR,"1,068",0d 00:08h,2,2,1.00,2,Thailand
176,CloseToTheSun,"1,068",0d 00:08h,0,0,0.00,0,Viet Nam
177,angel771013,"1,068",0d 00:12h,0,0,0.00,0,"Taiwan, Province of China"
178,Re.å¤§å¤,"1,067",0d 00:18h,0,0,0.00,0,China
179,ZOVO,"1,067",0d 00:08h,0,0,0.00,0,China
180,POPO.FREEMAN GOR,"1,067",0d 00:08h,0,0,0.00,0,China
181,Azunai,"1,067",0d 00:09h,0,0,0.00,0,Philippines
182,evilsky67,"1,067",0d 00:20h,0,0,0.00,0,"Taiwan, Province of China"
183,silent,"1,067",0d 00:25h,0,0,0.00,0,Malaysia
184,LLuiDeFuness,"1,066",0d 00:07h,1,2,0.50,0,"Korea, Republic of"
185,1939585374,"1,066",0d 00:48h,5,18,0.28,0,China
186,Gooogle AI BOT # 258,"1,066",0d 00:05h,0,0,0.00,0,"Taiwan, Province of China"
187,é˜¿å²³,"1,066",0d 00:10h,0,0,0.00,0,"Taiwan, Province of China"
188,Fxxz?,"1,064",0d 00:05h,2,0,2.00,1,Malaysia
189,JAKE 1,"1,064",0d 00:23h,6,14,0.43,3,China
190,a4ss41,"1,063",0d 00:16h,0,0,0.00,0,China
191,KJ,"1,063",0d 00:08h,0,1,0.00,0,Viet Nam
192,ë¬¼ê´€ì´,"1,062",0d 00:04h,0,0,0.00,0,"Korea, Republic of"
193,r4y,"1,062",0d 00:05h,0,0,0.00,0,"Taiwan, Province of China"
194,1790157774,"1,062",0d 00:07h,0,0,0.00,0,China
195,Niko Niko,"1,061",0d 00:14h,6,1,6.00,4,Malaysia
196,Zilexos,"1,061",0d 00:05h,4,6,0.67,3,China
197,å“ªå’,"1,060",0d 00:11h,4,5,0.80,3,Viet Nam
198,Handy,"1,060",0d 00:09h,0,0,0.00,0,"Taiwan, Province of China"
199,cher,"1,060",0d 00:04h,0,0,0.00,0,Thailand
200,Drexofur,"1,059",0d 00:05h,3,0,3.00,2,Philippines
201,JM_Joker2929,"1,057",0d 00:11h,0,0,0.00,0,Malaysia
202,ultraz,"1,056",0d 00:07h,0,0,0.00,0,Malaysia
203,mika,"1,056",0d 00:11h,0,0,0.00,0,Indonesia
204,AkiyamaNeko_ç§‹å±±è²“,"1,055",0d 00:04h,0,0,0.00,0,"Taiwan, Province of China"
205,GIG4BYT3,"1,055",0d 00:08h,0,0,0.00,0,Singapore
206,linxyzc,"1,055",0d 00:05h,0,0,0.00,0,Singapore
207,Reai,"1,054",0d 00:08h,3,8,0.38,1,"Taiwan, Province of China"
208,JohnNguyen,"1,052",0d 00:04h,2,3,0.67,2,Viet Nam
209,æ¯«æ´¨,"1,052",0d 00:07h,0,0,0.00,0,"Taiwan, Province of China"
210,Bot josh,"1,051",0d 00:03h,0,0,0.00,0,Thailand
211,AKAæ’¿ç‰Œæ€ª,"1,051",0d 00:05h,0,0,0.00,0,"Taiwan, Province of China"
212,äººè„‘ç©å®¶è‹è‡å¤´,"1,050",0d 00:10h,6,14,0.43,2,China
213,418,"1,050",0d 00:13h,0,0,0.00,0,"Taiwan, Province of China"
214,yoda,"1,050",0d 00:05h,0,0,0.00,0,Singapore
215,shiro_soft,"1,048",0d 00:07h,3,7,0.43,2,China
216,Sandjeshuko,"1,048",0d 00:06h,5,12,0.42,1,Hong Kong
217,Saul_Malone,"1,047",0d 00:32h,0,0,0.00,0,Australia
218,[Ñ-Î¹Î·Â¢.] Crippy,"1,047",0d 00:04h,0,0,0.00,0,Viet Nam
219,L3GATU5,"1,045",0d 00:08h,0,0,0.00,0,Australia
220,Waltuh,"1,045",0d 00:05h,0,0,0.00,0,Malaysia
221,Le Nam,"1,044",0d 00:10h,5,7,0.71,3,Viet Nam
222,âš¡æ–°åº—æ•¢ç¡¬,"1,043",0d 00:02h,6,6,1.00,2,"Taiwan, Province of China"
223,ã€†çš®ã€…è±¬ã€†,"1,043",0d 00:08h,0,0,0.00,0,"Taiwan, Province of China"
224,ziplooc squidgee,"1,043",0d 00:06h,0,0,0.00,0,Australia
225,Lee,"1,042",0d 00:10h,6,10,0.60,0,Unknown
226,Moonki,"1,042",0d 00:02h,0,0,0.00,0,Indonesia
227,Ñ Ğ³Ğ°Ğ½Ñ‚Ñ€Ğ°Ğ¿,"1,042",0d 00:04h,0,0,0.00,0,Russian Federation
228,bobochan,"1,042",0d 00:03h,0,0,0.00,0,Singapore
229,fky-886,"1,041",0d 00:05h,7,2,3.50,1,China
230,å¯¦åŠ›è‡³ä¸Šä¸»ç¾©çš„æ•™å®¤ ç¬¬,"1,041",0d 00:04h,4,6,0.67,1,"Taiwan, Province of China"
231,ã½ãŸã¨,"1,041",0d 00:11h,2,7,0.29,1,"Taiwan, Province of China"
232,-=dx=- 7,"1,041",0d 00:02h,0,0,0.00,0,"Taiwan, Province of China"
233,çœ‹è¦‹é»‘å½±å°±é–‹æ§,"1,041",0d 00:03h,0,0,0.00,0,"Taiwan, Province of China"
234,â˜†(â˜¢Odià¸ â˜¢)â˜†,"1,037",0d 00:05h,2,4,0.50,0,Russian Federation
235,å¦‚æ˜¯å¤©å…‰ç ´äº‘,"1,037",0d 00:03h,0,0,0.00,0,China
236,é›¾å°”.,"1,037",0d 00:04h,0,1,0.00,0,United States
237,nuu_pokung,"1,036",0d 01:01h,0,0,0.00,0,"Taiwan, Province of China"
238,ZapHavenly,"1,036",0d 00:06h,0,0,0.00,0,China
239,gamgyulâ§,"1,036",0d 00:02h,0,0,0.00,0,"Korea, Republic of"
240,é˜é˜,"1,035",0d 00:34h,6,10,0.60,0,"Taiwan, Province of China"
241,48BqiangB,"1,034",0d 00:03h,4,5,0.80,2,China
242,Alex,"1,033",0d 00:03h,3,0,3.00,1,"Taiwan, Province of China"
243,ê§â™›à¿‡MR.DÎ”MMZZYYà¿‡â™›ê§‚,"1,033",0d 00:07h,0,0,0.00,0,Philippines
244,å®‡æ™ºæ³¢å¸¦åœŸ[å¿ç•Œå¤§æˆ˜],"1,033",0d 00:06h,0,0,0.00,0,China
245,å°æ®ºæ‰‹,"1,032",0d 00:12h,2,6,0.33,1,"Taiwan, Province of China"
246,milky,"1,032",0d 00:04h,0,0,0.00,0,Guam
247,3495535609,"1,031",0d 00:11h,0,0,0.00,0,China
248,ì—„ì¤€ì„œ,"1,031",0d 00:06h,0,0,0.00,0,"Korea, Republic of"
249,1234567 ABCDEFG,"1,031",0d 00:02h,0,0,0.00,0,China
250,keyofo,"1,031",0d 00:30h,0,0,0.00,0,Japan
251,pingu1239,"1,030",0d 00:02h,2,1,2.00,1,Malaysia
252,\Good man Sola/,"1,030",0d 00:04h,0,0,0.00,0,"Taiwan, Province of China"
253,CEO OF RIZZ,"1,030",0d 00:11h,0,0,0.00,0,Philippines
254,WYB8410,"1,030",0d 00:03h,0,0,0.00,0,Malaysia
255,Bogdan879,"1,030",0d 00:05h,0,0,0.00,0,Ukraine
256,ashie,"1,029",0d 00:08h,7,5,1.40,5,Philippines
257,Pro100kvit,"1,028",0d 00:04h,3,4,0.75,1,Russian Federation
258,MK18 SOBR Parts,"1,028",0d 00:03h,0,0,0.00,0,Philippines
259,ehsif el,"1,027",0d 00:06h,0,0,0.00,0,Indonesia
260,ä¸€äº‘æ¸…ç™½,"1,027",0d 00:02h,0,0,0.00,0,China
261,T4kesh1,"1,027",0d 00:13h,0,0,0.00,0,Thailand
262,Abyss.,"1,026",0d 00:06h,1,3,0.33,0,Philippines
263,zzz,"1,026",0d 00:19h,1,3,0.33,0,"Taiwan, Province of China"
264,The GhoST,"1,026",0d 00:05h,0,0,0.00,0,China
265,ilyas.davit001,"1,026",0d 00:03h,0,0,0.00,0,Indonesia
266,QueenAmaa,"1,026",0d 00:02h,0,0,0.00,0,Indonesia
267,kanahds2,"1,026",0d 00:10h,0,0,0.00,0,Thailand
268,youshunei,"1,025",0d 00:06h,4,10,0.40,0,Viet Nam
269,ty,"1,025",0d 00:03h,0,0,0.00,0,China
270,DharmaMahardika,"1,025",0d 00:03h,0,0,0.00,0,Indonesia
271,darawandao,"1,025",0d 00:17h,0,0,0.00,0,"Taiwan, Province of China"
272,iel,"1,024",0d 00:01h,2,1,2.00,1,"Taiwan, Province of China"
273,Des,"1,024",0d 00:08h,6,5,1.20,0,Singapore
274,Username_Input,"1,024",0d 00:06h,2,3,0.67,0,Hong Kong
275,Cialloï½(âˆ ãƒ»Ï‰< )âŒ’â˜†,"1,023",0d 00:02h,3,1,3.00,1,China
276,HUNKs,"1,023",0d 00:03h,1,1,1.00,0,Philippines
277,ç›–äºšå¢æœ¬ä¼Ÿ,"1,023",0d 00:11h,1,4,0.25,0,China
278,Hewgo,"1,022",0d 00:17h,2,5,0.40,1,Indonesia
279,Worschthaut,"1,022",0d 00:07h,2,7,0.29,1,China
280,è¾‰é›¨,"1,022",0d 00:10h,2,13,0.15,0,Hong Kong
281,è§€å¯Ÿç³»ç©å®¶,"1,022",0d 00:10h,0,0,0.00,0,"Taiwan, Province of China"
282,azharkautsar22,"1,022",0d 00:06h,0,0,0.00,0,Indonesia
283,ä¸¤æ¡æ¯›è…¿è‚©ä¸Šæ‰›,"1,021",0d 00:02h,0,0,0.00,0,Hong Kong
284,ã€Œé»„åˆ®ã€,"1,021",0d 00:03h,0,0,0.00,0,China
285,BeElzeé‡å…”,"1,021",0d 00:02h,0,0,0.00,0,"Taiwan, Province of China"
286,Felix,"1,021",0d 00:02h,0,0,0.00,0,"Taiwan, Province of China"
287,æ²™2ç¬¬ä¸€å¸…,"1,021",0d 00:02h,0,0,0.00,0,Hong Kong
288,squadfield,"1,020",0d 00:02h,0,0,0.00,0,Indonesia
289,Kanï¼ˆã‚«ãƒ³ï¼‰,"1,020",0d 00:06h,0,0,0.00,0,Viet Nam
290,ç—›è‹¦è¾¾æ‘©,"1,020",0d 00:02h,0,0,0.00,0,China
291,é˜Ÿé•¿åˆ«å¼€æªï¼æ˜¯æˆ‘ï¼,"1,020",0d 00:02h,0,0,0.00,0,Hong Kong
292,Juan Pablo Montoya,"1,018",0d 00:08h,1,12,0.08,0,China
293,Nodrog,"1,018",0d 00:05h,0,1,0.00,0,Australia
294,å“‘è‹çç˜¸ å°å±å­©,"1,017",0d 00:01h,3,1,3.00,0,China
295,de-nik,"1,017",0d 00:10h,1,4,0.25,0,Russian Federation
296,åå£°,"1,017",0d 00:02h,0,0,0.00,0,China
297,Bjornnn97,"1,017",0d 00:02h,0,0,0.00,0,"Taiwan, Province of China"
298,masterplanet505,"1,017",0d 00:02h,0,0,0.00,0,Thailand
299,ğ•¿ğ–†ğ–“â™§,"1,017",0d 00:10h,0,0,0.00,0,Thailand
300,Janda Hunter,"1,016",0d 00:05h,0,0,0.00,0,Malaysia
301,æŸ æª¬æ´¾ç¬¬ä¸€å‹‡çŒ›æœºæªå…µ,"1,016",0d 00:02h,0,0,0.00,0,China
302,Pwenias,"1,016",0d 00:03h,0,0,0.00,0,Australia
303,BOSS,"1,016",0d 00:11h,0,1,0.00,0,"Taiwan, Province of China"
304,jolyne?,"1,016",0d 00:08h,0,3,0.00,0,Viet Nam
305,Dante,"1,016",0d 00:03h,0,0,0.00,0,Russian Federation
306,NoUsE/AlaC,"1,016",0d 00:02h,0,0,0.00,0,Australia
307,DONEDAVE,"1,016",0d 00:02h,0,0,0.00,0,China
308,SIope,"1,015",0d 00:05h,2,3,0.67,1,United States
309,äº”åºœå ‚/åä¸‰å°‘ä¿,"1,015",0d 00:04h,2,5,0.40,0,China
310,å’¸æ¹¿ä¿å§†è´±å©´å„¿ä¸¶,"1,015",0d 00:02h,0,0,0.00,0,China
311,solar,"1,015",0d 00:02h,0,0,0.00,0,New Zealand
312,Bç«™é¥¼å¹²ya,"1,015",0d 00:04h,0,0,0.00,0,China
313,Fr0gâ˜‚,"1,015",0d 00:03h,0,0,0.00,0,"Taiwan, Province of China"
314,abdeereds,"1,015",0d 00:19h,0,0,0.00,0,Indonesia
315,kygo,"1,015",0d 00:03h,0,0,0.00,0,China
316,1635673895,"1,015",0d 00:09h,0,0,0.00,0,China
317,SL1WA_MARL0W,"1,015",0d 00:05h,0,0,0.00,0,"Korea, Republic of"
318,SempakKobra,"1,015",0d 00:05h,0,0,0.00,0,Indonesia
319,RZK,"1,015",0d 00:03h,0,0,0.00,0,Indonesia
320,é›ªä¹ƒçš„ç™½å­,"1,015",0d 00:01h,0,0,0.00,0,China
321,Cheesemasher,"1,015",0d 00:05h,0,0,0.00,0,"Taiwan, Province of China"
322,çªç“œ,"1,015",0d 00:02h,0,0,0.00,0,China
323,MR.sins,"1,015",0d 00:05h,0,0,0.00,0,Unknown
324,ç¿”,"1,015",0d 00:03h,0,0,0.00,0,China
325,sage652124,"1,015",0d 00:06h,0,0,0.00,0,China
326,AndersonLiu,"1,015",0d 00:04h,0,0,0.00,0,"Taiwan, Province of China"
327,-=Dx=- âœªMasterâ†’Î²ationâœª,"1,014",0d 00:09h,3,10,0.30,1,"Taiwan, Province of China"
328,Tanaton,"1,013",0d 00:03h,2,5,0.40,1,Thailand
329,barrsan,"1,013",0d 00:03h,0,1,0.00,0,Singapore
330,pp456,"1,013",0d 00:15h,0,3,0.00,0,China
331,ljames110110,"1,012",0d 00:10h,0,0,0.00,0,Australia
332,ron12,"1,011",0d 00:02h,0,0,0.00,0,Philippines
333,Doodles â™›,"1,010",0d 00:02h,2,1,2.00,0,New Zealand
334,Arale,"1,010",0d 00:02h,1,0,1.00,0,"Taiwan, Province of China"
335,fREEZIN,"1,010",0d 00:04h,1,0,1.00,0,Saudi Arabia
336,Syazwan_1,"1,009",0d 01:10h,10,9,1.11,7,Malaysia
337,illil,"1,009",0d 00:00h,1,1,1.00,1,China
338,è‹å¡æ»¡,"1,008",0d 00:04h,1,1,1.00,1,China
339,Mathsniper,"1,008",0d 00:04h,1,1,1.00,1,Macao
340,asdf123,"1,008",0d 00:05h,0,4,0.00,0,China
341,å–‡åš¨,"1,007",0d 00:25h,2,5,0.40,0,"Taiwan, Province of China"
342,é£’é£’,"1,006",0d 00:02h,2,3,0.67,2,China
343,LV.1,"1,006",0d 00:02h,0,0,0.00,0,"Taiwan, Province of China"
344,é¾™è¯š^^,"1,006",0d 00:02h,0,0,0.00,0,China
345,aaay,"1,006",0d 00:04h,0,0,0.00,0,China
346,KarriGan,"1,006",0d 00:01h,0,0,0.00,0,China
347,Timmu Somjoy,"1,006",0d 00:04h,0,0,0.00,0,Thailand
348,lgb1305936,"1,006",0d 00:06h,0,0,0.00,0,China
349,ï¼ˆã€‚äººã€‚ï¼‰áƒšï¼ˆÂ´âˆ€`áƒš,"1,005",0d 00:02h,1,0,1.00,1,"Taiwan, Province of China"
350,Yuzu,"1,005",0d 00:03h,1,3,0.33,0,Philippines
351,fengzhigu,"1,005",0d 00:02h,0,0,0.00,0,China
352,mailman,"1,005",0d 00:04h,0,0,0.00,0,Philippines
353,MANILAJAY,"1,005",0d 00:03h,0,0,0.00,0,Philippines
354,ã‹ã™ãŒã®ãã‚‰,"1,005",0d 00:04h,0,1,0.00,0,China
355,Yoreii,"1,005",0d 00:02h,0,0,0.00,0,China
356,Blydogidogg,"1,005",0d 00:02h,0,1,0.00,0,Philippines
357,Lunaâ™¥,"1,005",0d 00:10h,0,0,0.00,0,Philippines
358,Kremzlik,"1,003",0d 00:02h,0,2,0.00,0,China
359,ä¸Šå­¦å¿˜å¸¦é¤å…·äº†ï¼Œå“¥å“¥å€€,"1,002",0d 00:02h,2,2,1.00,0,China
360,å§œå§œ,"1,002",0d 00:01h,0,0,0.00,0,China
361,Tho san bach kim,"1,002",0d 00:01h,0,0,0.00,0,Viet Nam
362,å®å®,"1,001",0d 00:02h,0,0,0.00,0,China
363,æ¨±é“,"1,001",0d 00:00h,0,0,0.00,0,Unknown
364,dungra,"1,001",0d 00:02h,0,0,0.00,0,"Taiwan, Province of China"
365,Juan_zhou,"1,001",0d 00:04h,0,0,0.00,0,China
366,RuggedStool,"1,001",0d 00:02h,0,0,0.00,0,Australia
367,sjzshmh,"1,001",0d 00:01h,0,0,0.00,0,China
368,vvarsani,"1,001",0d 00:01h,0,0,0.00,0,Australia
369,DB_Toc,"1,001",0d 00:01h,0,0,0.00,0,China
370,Andrew,"1,001",0d 00:05h,0,0,0.00,0,Indonesia
371,Ğ…PiRiT â„¢ | 0.03msé¦™è•‰,"1,001",0d 00:02h,0,0,0.00,0,"Taiwan, Province of China"
372,hagiaminh1411,"1,001",0d 00:02h,0,0,0.00,0,Viet Nam
373,Jeff Nobu,"1,001",0d 00:01h,0,0,0.00,0,"Taiwan, Province of China"
374,æ–°æ‰‹è«‹è¦‹è«’,"1,001",0d 00:01h,0,0,0.00,0,"Taiwan, Province of China"
375,Chris,"1,001",0d 00:03h,0,0,0.00,0,"Taiwan, Province of China"
376,Elopez,"1,001",0d 00:01h,0,0,0.00,0,China
377,salimbaranov82,"1,001",0d 00:08h,0,0,0.00,0,China
378,æ–¹å¤§å¸…,"1,001",0d 00:01h,0,0,0.00,0,China
379,æ¡ƒé…¥,"1,001",0d 00:00h,0,0,0.00,0,China
380,wtf,"1,001",0d 00:00h,0,0,0.00,0,China
381,é¥­é†‰åˆ†å­,"1,001",0d 00:02h,0,0,0.00,0,China
382,Noobgamer610,"1,001",0d 00:04h,0,0,0.00,0,Philippines
383,SPEEDDEMON tenz jr. (phoon),"1,001",0d 00:01h,0,0,0.00,0,Philippines
384,LEESEO,"1,001",0d 00:02h,0,0,0.00,0,Thailand
385,Mr.Pedobear ver. 86000,"1,001",0d 00:01h,0,0,0.00,0,Thailand
386,è…¿æ¯›æ‹”æ²³,"1,001",0d 00:03h,0,0,0.00,0,China
387,Corona,"1,001",0d 00:01h,0,0,0.00,0,Australia
388,phunguyen07,"1,001",0d 00:00h,0,0,0.00,0,Viet Nam
389,Ğ±Ğ°Ñ‚ĞµĞ»Ğµ Ğ±Ğ°Ñ‚Ñƒ,"1,001",0d 00:02h,0,0,0.00,0,Philippines
390,Bå“¥,"1,001",0d 00:01h,0,0,0.00,0,China
391,yung kage æ­» BESTARD,"1,001",0d 00:00h,0,0,0.00,0,Russian Federation
392,E1n,"1,001",0d 00:02h,0,0,0.00,0,"Taiwan, Province of China"
393,tone,"1,001",0d 00:00h,0,0,0.00,0,Philippines
394,Sinigang,"1,001",0d 00:01h,0,0,0.00,0,Philippines
395,jzysznd,"1,001",0d 00:01h,0,0,0.00,0,China
396,ĞŸĞ Ğ•ĞšĞ ĞĞ¡ĞĞ,"1,001",0d 00:01h,0,0,0.00,0,Russian Federation
397,éº¦ç”°é‡Œçš„å®ˆæœ›è€…,"1,001",0d 00:01h,0,0,0.00,0,China
398,JanOh,"1,001",0d 00:02h,0,0,0.00,0,Philippines
399,love_45612,"1,001",0d 00:00h,0,0,0.00,0,"Taiwan, Province of China"
400,Gatty,"1,001",0d 00:01h,0,0,0.00,0,China
401,æµå¿ƒæœˆé¥¼,"1,001",0d 00:02h,0,0,0.00,0,China
402,m0nesy,"1,001",0d 00:01h,0,0,0.00,0,China
403,VietCongGangz,"1,000",0d 00:03h,5,0,5.00,3,Viet Nam
404,[TW]å¤©é»‘æ´—é¦¬çœ¼,"1,000",0d 00:09h,2,3,0.67,1,"Taiwan, Province of China"
405,Capt.Fcuk,"1,000",0d 00:15h,5,10,0.50,3,Thailand
406,ä¸å“å®Œå•¦,"1,000",0d 00:13h,3,8,0.38,1,China
407,ï¼äººâ—• â€¿â€¿ â—•äººï¼¼,"1,000",0d 00:00h,0,0,0.00,0,"Taiwan, Province of China"
408,Lowell,"1,000",0d 00:00h,0,0,0.00,0,China
409,Wends,"1,000",0d 00:00h,0,0,0.00,0,Thailand
410,ç™½è„¸,"1,000",0d 00:00h,0,0,0.00,0,Unknown
411,metal43v3r,"1,000",0d 00:00h,0,0,0.00,0,Thailand
412,Self-adjusting,"1,000",0d 00:00h,0,0,0.00,0,China
413,Virkato,"1,000",0d 00:00h,0,0,0.00,0,Singapore
414,dslocsin7,"1,000",0d 00:02h,0,0,0.00,0,Philippines
415,ä¸å…³æ©™çŒ«çŒ«çš„äº‹å“¦,"1,000",0d 00:09h,0,0,0.00,0,China
416,PIWW,"1,000",0d 00:11h,0,0,0.00,0,Indonesia
417,ãƒ’ãƒ¼ãƒ­ãƒ¼ãƒã‚³,"1,000",0d 00:46h,0,0,0.00,0,Malaysia
418,å¤¢è¯ï¼ˆæ¢¦åï¼‰ ãƒ¢ãƒ³ãƒ•ã‚¡,"1,000",0d 00:00h,0,0,0.00,0,Thailand
419,Allahu Akbar,"1,000",0d 00:00h,0,0,0.00,0,Unknown
420,QualitySoup,"1,000",0d 00:00h,0,0,0.00,0,Unknown
421,sNICkER_101,"1,000",0d 00:00h,0,0,0.00,0,Hong Kong
422,æˆ‘è¿˜æœ‰æœºä¼šå— ï¼Ÿ,"1,000",0d 00:04h,0,0,0.00,0,China
423,ê½ƒë³´????!,"1,000",0d 00:06h,0,0,0.00,0,Japan
424,donk666,"1,000",0d 00:01h,0,0,0.00,0,China
425,Cosmicbeam27,"1,000",0d 00:00h,0,0,0.00,0,Indonesia
426,æ·±è§å¤å½¦,"1,000",0d 00:00h,0,0,0.00,0,Unknown
427,AlleyBosS,"1,000",0d 00:03h,0,0,0.00,0,Philippines
428,ä¸¢é›·æ¥¼æŸ,"1,000",0d 00:24h,0,0,0.00,0,China
429,gt2r911,"1,000",0d 00:03h,0,0,0.00,0,"Taiwan, Province of China"
430,ctchen.alex,"1,000",0d 00:12h,0,0,0.00,0,"Taiwan, Province of China"
431,æˆ‘æ˜¯æµè¤çš„å‹¾,"1,000",0d 00:01h,0,0,0.00,0,China
432,Me,"1,000",0d 00:00h,0,0,0.00,0,Unknown
433,WizLC,"1,000",0d 00:01h,0,0,0.00,0,China
434,beastjoy,"1,000",0d 00:00h,0,0,0.00,0,Unknown
435,å‚æœ¬ç«œé¦¬,"1,000",0d 00:01h,0,0,0.00,0,Malaysia
436,Crowley,"1,000",0d 00:00h,0,0,0.00,0,Philippines
437,normalguy,"1,000",0d 00:00h,0,0,0.00,0,Malaysia
438,å°è«å…ˆç”Ÿ,"1,000",0d 00:00h,0,0,0.00,0,Unknown
439,åˆ«å†å‹¾å¼•æˆ‘kaixiang,"1,000",0d 00:00h,0,0,0.00,0,Unknown
440,F4LL3N_H4L0,"1,000",0d 00:02h,0,0,0.00,0,Philippines
441,GAL,"1,000",0d 00:00h,0,0,0.00,0,China
442,n88slq,"1,000",0d 00:00h,0,0,0.00,0,Unknown
443,å¥ˆç™½çš„é›ªå­,"1,000",0d 00:02h,0,0,0.00,0,China
444,æŸ“å¿,"1,000",0d 00:00h,0,0,0.00,0,Unknown
445,Aur0ral,"1,000",0d 00:00h,0,0,0.00,0,Unknown
446,stay with me,"1,000",0d 00:00h,0,0,0.00,0,Unknown
447,leonardo,"1,000",0d 00:02h,0,0,0.00,0,China
448,yorangsama,"1,000",0d 00:00h,0,0,0.00,0,Unknown
449,ChiChi77,"1,000",0d 01:02h,0,0,0.00,0,"Taiwan, Province of China"
450,spacecow,"1,000",0d 00:00h,0,0,0.00,0,"Taiwan, Province of China"
451,mikunodisappear,"1,000",0d 00:28h,0,0,0.00,0,"Taiwan, Province of China"
452,SaekiYuu,"1,000",0d 00:01h,0,0,0.00,0,China
453,:3 mint chocolate,"1,000",0d 00:06h,0,0,0.00,0,Thailand
454,nmo_zukuto_m2,"1,000",0d 00:04h,0,0,0.00,0,Indonesia
455,ä»»æˆ‘ç¸±æƒ…,"1,000",0d 00:02h,0,0,0.00,0,"Taiwan, Province of China"
456,Steve,"1,000",0d 00:01h,0,0,0.00,0,China
457,r3nogades,"1,000",0d 00:00h,0,0,0.00,0,Indonesia
458,è£™è§’é£æ‰¬,"1,000",0d 00:00h,0,0,0.00,0,Unknown
459,qaz0955987235,"1,000",0d 00:02h,0,0,0.00,0,"Taiwan, Province of China"
460,ç™¾è®Šæ€ª,"1,000",0d 00:03h,0,0,0.00,0,"Taiwan, Province of China"
461,rhodium101602,"1,000",0d 00:00h,0,0,0.00,0,Unknown
462,å¡å¡ç½—ç‰¹,"1,000",0d 00:10h,0,0,0.00,0,China
463,DrMeeksss,"1,000",0d 00:00h,0,0,0.00,0,Philippines
464,Jeriii,"1,000",0d 00:01h,0,0,0.00,0,Indonesia
465,KnightEagle81,"1,000",0d 00:00h,0,0,0.00,0,Unknown
466,ä¸€ç”Ÿåªçˆ±é‚®ç®±é…±,"1,000",0d 00:21h,0,0,0.00,0,China
467,CodeRed,"1,000",0d 00:00h,0,0,0.00,0,Unknown
468,ç‚¸é¸¡å—,"1,000",0d 00:02h,0,0,0.00,0,China
469,å‡‰,"1,000",0d 00:00h,0,0,0.00,0,China
470,>çƒ¤å†·é¢ç—§æ‰‹>Sjk,"1,000",0d 00:00h,0,0,0.00,0,Unknown
471,lzl03032,"1,000",0d 00:03h,0,0,0.00,0,China
472,yz,"1,000",0d 00:00h,0,0,0.00,0,Unknown
473,é™ˆçŸ³å¤´,"1,000",0d 00:00h,0,0,0.00,0,China
474,å¶å­,"1,000",0d 00:00h,0,0,0.00,0,Unknown
475,zaq09700117qaz,"1,000",0d 00:00h,0,0,0.00,0,"Taiwan, Province of China"
476,HANS,"1,000",0d 00:01h,0,0,0.00,0,China
477,dypkerai,"1,000",0d 00:01h,0,0,0.00,0,Australia
478,é»‘é¾™æ±Ÿç‚¹å­ç‹,"1,000",0d 00:00h,0,0,0.00,0,Unknown
479,SunnyAleX,"1,000",0d 00:01h,0,0,0.00,0,Australia
480,AkÃ¡_JK,"1,000",0d 00:00h,0,0,0.00,0,Unknown
481,sog,"1,000",0d 00:00h,0,0,0.00,0,Unknown
482,å èŠ±çƒŸï¼ŒçƒŸæ²¡ä¸€æœé£è¿,"1,000",0d 00:00h,0,0,0.00,0,Unknown
483,JT_Sekeskik,"1,000",0d 00:01h,0,0,0.00,0,Indonesia
484,nk1986362,"1,000",0d 00:02h,0,0,0.00,0,China
485,æ— ç•deå¯’éœœ,"1,000",0d 00:00h,0,0,0.00,0,Unknown
486,dombaelectric,"1,000",0d 00:01h,0,0,0.00,0,Indonesia
487,lijian9601,"1,000",0d 00:00h,0,0,0.00,0,Unknown
488,ngh,"1,000",0d 00:00h,0,0,0.00,0,"Taiwan, Province of China"
489,Z.,"1,000",0d 00:02h,0,0,0.00,0,Hong Kong
490,æ‚¨çš„å¥½å‹è´¾é˜Ÿé•¿å·²ä¸Šçº¿,"1,000",0d 00:00h,0,0,0.00,0,Unknown
491,å°æœå®0,"1,000",0d 00:03h,0,0,0.00,0,China
492,"åŸåŒ—å¾å…¬,","1,000",0d 00:00h,0,0,0.00,0,Unknown
493,i4everYoU,"1,000",0d 00:01h,0,0,0.00,0,Hong Kong
494,Sisyphus,"1,000",0d 00:00h,0,0,0.00,0,Unknown
495,yao,"1,000",0d 00:00h,0,0,0.00,0,Unknown
496,Reailã§ã™,"1,000",0d 00:00h,0,0,0.00,0,Unknown
497,ä¸€é¢—ç”·äººè‰,"1,000",0d 00:00h,0,0,0.00,0,Unknown
498,Zhang Daxiong,"1,000",0d 00:00h,0,0,0.00,0,Unknown
499,windwhisper,"1,000",0d 00:00h,0,0,0.00,0,Unknown
500,å°æ£®ç ´..,"1,000",0d 00:02h,0,0,0.00,0,Hong Kong
501,Megloo,"1,000",0d 00:02h,0,0,0.00,0,Australia
502,æ‰‹ä¸Šæ€»ä¼šæœ‰å¢¨å‘€,"1,000",0d 00:00h,0,0,0.00,0,Unknown
503,k,"1,000",0d 00:00h,0,0,0.00,0,Unknown
504,æŸšå­å¨è’¸é¹…å¿ƒCialloï½,"1,000",0d 00:00h,0,0,0.00,0,China
505,Hylissang-senpai,"1,000",0d 00:01h,0,0,0.00,0,Viet Nam
506,è½®æ¤…å¤§ç‹,"1,000",0d 00:00h,0,0,0.00,0,Unknown
507,2176467214,"1,000",0d 00:00h,0,0,0.00,0,Unknown
508,lssc,"1,000",0d 00:01h,0,0,0.00,0,China
509,Bot Ivan,"1,000",0d 00:00h,0,0,0.00,0,Indonesia
510,Mr.hope,"1,000",0d 00:00h,0,0,0.00,0,China
511,haidarelwassaja22,"1,000",0d 00:00h,0,0,0.00,0,Unknown
512,tommy740103,"1,000",0d 00:00h,0,0,0.00,0,Unknown
513,MYYBADCUHH,"1,000",0d 00:00h,0,0,0.00,0,Unknown
514,Rain Princeâ„¢,"1,000",0d 00:01h,0,0,0.00,0,Indonesia
515,=â–½å°ã®æ¨â–½=,"1,000",0d 00:00h,0,0,0.00,0,China
516,Final_ä¸­äºŒç—…,"1,000",0d 00:00h,0,0,0.00,0,Unknown
517,é‡æ¯”å¤§é›„,"1,000",0d 00:00h,0,0,0.00,0,Unknown
518,bearman913098,"1,000",0d 00:00h,0,0,0.00,0,Unknown
519,è³½å¯Œè±ª,"1,000",0d 00:00h,0,0,0.00,0,"Taiwan, Province of China"
520,Twistzz,"1,000",0d 00:01h,0,0,0.00,0,China
521,jupprih,"1,000",0d 00:00h,0,0,0.00,0,Unknown
522,amogus,"1,000",0d 00:00h,0,0,0.00,0,"Korea, Republic of"
523,IzutoID,"1,000",0d 00:01h,0,0,0.00,0,Indonesia
524,sean181,"1,000",0d 00:00h,0,0,0.00,0,Unknown
525,ğ’™ğ’€ğ’ğ’$,"1,000",0d 00:00h,0,0,0.00,0,China
526,FC:Zarinyap,"1,000",0d 00:00h,0,0,0.00,0,Thailand
527,jvpellogo,"1,000",0d 00:00h,0,0,0.00,0,Unknown
528,åª½åª½10å¡Š,"1,000",0d 00:01h,0,0,0.00,0,Unknown
529,æœˆ,"1,000",0d 00:00h,0,0,0.00,0,Unknown
530,éŸ³ç¬¦,"1,000",0d 00:00h,0,0,0.00,0,Unknown
531,ç²’å¯¶é›æ’,"1,000",0d 00:00h,0,0,0.00,0,"Taiwan, Province of China"
532,Sniper79,"1,000",0d 00:00h,0,0,0.00,0,Unknown
533,è¿·é¹¿ã®è±¬æ’,"1,000",0d 00:00h,0,0,0.00,0,Unknown
534,ã€Œã†ã¡ã¯ ãŠã¨ã¤ã€,"1,000",0d 00:00h,0,0,0.00,0,Unknown
535,Arte Noname,"1,000",0d 00:01h,0,0,0.00,0,Thailand
536,colomater,"1,000",0d 00:00h,0,0,0.00,0,Unknown
537,é»‘å¤§é›•ç¾ç¾Šç¾Š,"1,000",0d 00:03h,0,0,0.00,0,China
538,é—ªé—ªå‘å…‰çš„åœ£æ™¶å†°,"1,000",0d 00:00h,0,0,0.00,0,China
539,(O_o),"1,000",0d 00:01h,0,0,0.00,0,China
540,æ£—ã‚¤ãƒ­ãƒä¸–ç•Œä¸€ã‹ã‚ã„,"1,000",0d 00:02h,0,0,0.00,0,China
541,zrsers,"1,000",0d 00:04h,0,0,0.00,0,"Taiwan, Province of China"
542,ç‚½å¤©ä½¿,"1,000",0d 00:00h,0,0,0.00,0,China
543,æ¢…é€ç”·å­©,"1,000",0d 00:00h,0,0,0.00,0,Unknown
544,nopphadon.am,"1,000",0d 00:00h,0,0,0.00,0,Unknown
545,RyuMiChin,"1,000",0d 00:00h,0,0,0.00,0,Unknown
546,æ•™ç»ƒï¼Œå¸¦å¸¦èŒæ–°å§,"1,000",0d 00:02h,0,0,0.00,0,China
547,santa,"1,000",0d 00:00h,0,0,0.00,0,Unknown
548,ddy,"1,000",0d 00:00h,0,0,0.00,0,Unknown
549,I LUV CLEO,"1,000",0d 00:00h,0,0,0.00,0,Philippines
550,ä¸éª‚äºº,"1,000",0d 00:00h,0,0,0.00,0,Unknown
551,è‹æ°é˜¿ä¸ƒ,"1,000",0d 00:02h,0,0,0.00,0,China
552,weewii,"1,000",0d 00:03h,0,0,0.00,0,Malaysia
553,DoDoRex,"1,000",0d 00:00h,0,0,0.00,0,China
554,Tanh,"1,000",0d 00:00h,0,0,0.00,0,Unknown
555,mmm,"1,000",0d 00:00h,0,0,0.00,0,Unknown
556,ä¸€åªä¸æƒ³æ­»çš„çŒ«,"1,000",0d 00:00h,0,0,0.00,0,Unknown
557,æ™šé£,"1,000",0d 00:00h,0,0,0.00,0,Unknown
558,ä¸çŸ¥åçš„æ ‘ç¯,"1,000",0d 00:00h,0,0,0.00,0,Unknown
559,MLGsniper404,"1,000",0d 00:03h,0,0,0.00,0,Australia
560,D&Z,"1,000",0d 00:00h,0,0,0.00,0,Unknown
561,john_5011,"1,000",0d 00:31h,0,0,0.00,0,"Taiwan, Province of China"
562,Nosferatu,"1,000",0d 00:02h,0,0,0.00,0,Indonesia
563,BOT',"1,000",0d 00:00h,0,0,0.00,0,Unknown
564,å¥ˆ,"1,000",0d 00:00h,0,0,0.00,0,Unknown
565,m6263775,"1,000",0d 00:00h,0,0,0.00,0,Unknown
566,èè,"1,000",0d 00:00h,0,0,0.00,0,Unknown
567,japjapanava,"1,000",0d 00:00h,0,0,0.00,0,Philippines
568,Tim,"1,000",0d 00:00h,0,0,0.00,0,Unknown
569,ff.ducmanh1302,"1,000",0d 00:00h,0,0,0.00,0,Unknown
570,Î©Râ‚¬Î”,"1,000",0d 00:00h,0,0,0.00,0,Unknown
571,ç©æ¸¸æˆåˆ«é­”æ€”,"1,000",0d 00:02h,0,0,0.00,0,China
572,gaming_noob,"1,000",0d 00:00h,0,0,0.00,0,"Taiwan, Province of China"
573,Razeq,"1,000",0d 00:02h,0,0,0.00,0,Indonesia
574,lvy,"1,000",0d 00:01h,0,0,0.00,0,China
575,qwq!,"1,000",0d 00:00h,0,0,0.00,0,Unknown
576,--æè€æ¿--,"1,000",0d 00:00h,0,0,0.00,0,Unknown
577,kufvh,"1,000",0d 00:00h,0,0,0.00,0,Unknown
578,å°„æ‰‹åº§ è‰¾å¥§ç¾…æ–¯ã¿,"1,000",0d 00:00h,0,0,0.00,0,Unknown
579,à¸ªà¸§à¸±à¸ªà¸”à¸µà¸„à¸£à¸±à¸š,"1,000",0d 00:00h,0,0,0.00,0,Unknown
580,Plutonium 239,"1,000",0d 00:01h,0,0,0.00,0,Malaysia
581,V,"1,000",0d 00:00h,0,0,0.00,0,Unknown
582,XANTARESPEEK âœªï¸éš¨æ™‚éƒ½å¯èƒ½æ­»å»ï¼Œ,"1,000",0d 00:00h,0,0,0.00,0,Philippines
583,tserof,"1,000",0d 00:00h,0,0,0.00,0,China
584,çƒˆçƒˆå°çŒªä¸¶,"1,000",0d 00:00h,0,0,0.00,0,Unknown
585,å¾æ°´è°¢éœ†é”‹,"1,000",0d 00:00h,0,0,0.00,0,China
586,guan å¤§å† ,"1,000",0d 00:00h,0,0,0.00,0,Unknown
587,SteamDB Hairul Azzuan,"1,000",0d 00:01h,0,0,0.00,0,Malaysia
588,ç¿»æ–—èŠ±å›­10æ ‹æ¶éœ¸,"1,000",0d 00:01h,0,0,0.00,0,China
589,è¿™æ˜¯é‡ç”Ÿï¼Œä½ ä¹Ÿå¯ä»¥å«å€€,"1,000",0d 00:00h,0,0,0.00,0,Unknown
590,-=vengum=-,"1,000",0d 00:00h,0,0,0.00,0,Unknown
591,3476740199,"1,000",0d 00:00h,0,0,0.00,0,China
592,ç”µè„‘ç©å®¶æ˜,"1,000",0d 00:03h,0,0,0.00,0,China
593,Maserati,"1,000",0d 00:00h,0,0,0.00,0,Unknown
594,pang,"1,000",0d 00:01h,0,0,0.00,0,Malaysia
595,æ— æ•Œæœ€ä¿Šæœ—,"1,000",0d 00:01h,0,0,0.00,0,China
596,NICK.,"1,000",0d 00:00h,0,0,0.00,0,Unknown
597,Ğ¯Ğ½ÑŒÑĞ½,"1,000",0d 00:01h,0,0,0.00,0,Philippines
598,C4RLOS LIGHTNING BOLD,"1,000",0d 00:02h,0,0,0.00,0,Philippines
599,Recomnd31,"1,000",0d 00:00h,0,0,0.00,0,Unknown
600,GASH,"1,000",0d 00:03h,0,0,0.00,0,"Taiwan, Province of China"
601,0oRainbowo0,"1,000",0d 00:00h,0,0,0.00,0,Unknown
602,à¸…â€¢á´¥â€¢à¸… sumimi,"1,000",0d 00:00h,0,0,0.00,0,Unknown
603,æ„Ÿè§‰ä¸å¦‚å†²,"1,000",0d 00:01h,0,0,0.00,0,Hong Kong
604,a1027z,"1,000",0d 00:02h,0,0,0.00,0,"Taiwan, Province of China"
605,arhxiang990,"1,000",0d 00:02h,0,0,0.00,0,Malaysia
606,pan_sergey02,"1,000",0d 00:02h,0,0,0.00,0,"Korea, Republic of"
607,Jaaydopotato,"1,000",0d 00:01h,0,0,0.00,0,Australia
608,Beautiful Boy,"1,000",0d 00:01h,0,0,0.00,0,Hong Kong
609,å–æŠ¥çš„å°å½“å®¶,"1,000",0d 00:00h,0,0,0.00,0,Unknown
610,"åå¹´è€å…µ,ç»™æˆ‘å‘æŠŠå¤§ç‹™","1,000",0d 00:00h,0,0,0.00,0,Unknown
611,amy,"1,000",0d 00:00h,0,0,0.00,0,Unknown
612,trinhhieuphuong2802,"1,000",0d 00:00h,0,0,0.00,0,Unknown
613,MIXHIU,"1,000",0d 00:02h,0,0,0.00,0,China
614,ç»¿æ°´ä¼šGTC Jotaro Kujo,"1,000",0d 00:01h,0,0,0.00,0,China
615,RencYYY,"1,000",0d 00:01h,0,0,0.00,0,Philippines
616,gloria89biolabell,"1,000",0d 00:00h,0,0,0.00,0,Malaysia
617,Castor,"1,000",0d 00:00h,0,0,0.00,0,Unknown
618,Fc tf2los.,"1,000",0d 00:00h,0,0,0.00,0,Unknown
619,yep,"1,000",0d 00:03h,0,0,0.00,0,Thailand
620,èƒ½åŠ›è¶Šå° è²¬ä»»è¶Šå°,"1,000",0d 00:00h,0,0,0.00,0,Unknown
621,Noobster,"1,000",0d 00:00h,0,0,0.00,0,Unknown
622,PATUR,"1,000",0d 00:03h,0,0,0.00,0,Indonesia
623,17,"1,000",0d 00:01h,0,0,0.00,0,Viet Nam
624,Sumpo,"1,000",0d 00:00h,0,0,0.00,0,Unknown
625,Gosu,"1,000",0d 00:00h,0,0,0.00,0,Unknown
626,Xiphias,"1,000",0d 00:00h,0,0,0.00,0,Unknown
627,Meat Gave Me Chest Pain,"1,000",0d 00:00h,0,0,0.00,0,Australia
628,æ—¥è–„è¥¿å±±,999,0d 00:13h,9,10,0.90,7,China
629,Luxia,999,0d 00:01h,0,1,0.00,0,China
630,spongebob na bisaya,998,0d 00:01h,0,1,0.00,0,Philippines
631,wtao96586,998,0d 00:05h,0,1,0.00,0,Hong Kong
632,HemoA,998,0d 00:04h,0,1,0.00,0,China
633,sign,997,0d 00:02h,0,1,0.00,0,Hong Kong
634,dollar3minecraft,996,0d 00:01h,0,2,0.00,0,Thailand
635,å°çŒ«,995,0d 00:01h,0,1,0.00,0,China
636,(-MAF-) MrMattSosig,995,0d 00:02h,0,1,0.00,0,Philippines
637,è¿™ç§æ‰‡è´å°±åº”è¯¥çˆ†ç‚’ç„¶å€€,995,0d 00:06h,0,2,0.00,0,China
638,.CEGamer SaigonPete,995,0d 00:03h,0,1,0.00,0,Viet Nam
639,Evangelicy,994,0d 00:02h,1,3,0.33,1,Philippines
640,lmdang300714,994,0d 00:24h,0,2,0.00,0,Viet Nam
641,vioversusrigit,992,0d 00:08h,5,9,0.56,2,Malaysia
642,Fat daddy,992,0d 00:09h,1,13,0.08,1,"Taiwan, Province of China"
643,Å˜UFÌŒ | Bob,992,0d 00:04h,0,3,0.00,0,"Taiwan, Province of China"
644,WUTAI,990,0d 00:04h,0,5,0.00,0,"Taiwan, Province of China"
645,Sherbet,989,0d 00:02h,0,3,0.00,0,New Zealand
646,çƒˆç„°ç†Šå¤§æˆ°å£«,989,0d 00:02h,0,4,0.00,0,"Taiwan, Province of China"
647,StrippedBacon,988,0d 00:20h,12,29,0.41,5,Philippines
648,VANDAN035,988,0d 00:03h,0,3,0.00,0,Australia
649,Rates,985,0d 00:06h,0,3,0.00,0,Australia
650,jinkljsa,982,0d 00:05h,3,10,0.30,1,China
651,FreakyAtom,982,0d 00:07h,1,7,0.14,0,New Zealand
652,æˆ‘åˆšç©è¿™æ¸¸æˆ,970,0d 00:10h,0,12,0.00,0,China
